我,414,我,422
你,361,你,269
爱,52,我们,80
想,40,她,49
能,35,世界,41
她,31,他,38
不能,30,曾经,36
我们,29,能,32
永远,27,为,31
曾,26,曾,30
谁,26,生活,28
多,26,路过,27
等待,25,等待,27
再见,24,来,26
依然,24,要,25
转,23,那么,25
说,22,就让,24
青春,22,会,23
生命,21,离开,23
为,21,永远,22
身旁,20,所有,22
看,19,想,21
要,18,快乐,20
世界,18,好,20
知道,18,风,20
一生,18,快,20
一天,16,说,19
向往,15,可,19
遥远,15,爱,19
想起,14,撞,18
所有,14,死,18
如今,14,远方,17
思念,14,生命,17
向,13,一,17
会,13,等,17
春风,13,时光,17
温暖,13,笑,16
多想,13,谁,16
心,13,一天,16
可,12,天真,16
地方,12,明天,15
季节,12,Just,15
掠过,12,知道,15
如果,12,人生,15
心里,12,已经,15
已经,12,未来,14
命运,11,不能,14
一起,11,多,14
列车,11,坠入,14
妈妈,11,旧,14
美丽,11,回来,13
宁愿,11,永不,13
相信,11,年少,13
体会,11,放开,13
我愿,11,路,13
夜晚,11,哪,13
歌唱,10,依然,13
拥有,10,归来,12
深深,10,恶心,12
默默,10,看,12
忍耐,10,黑暗,12
生活,10,故事,12
看着,10,可知,12
离去,10,и,12
感觉,10,黑夜,12
今生,10,有时,12
是否,10,开放,12
终究,9,穿过,11
仿佛,9,真的,11
身边,9,热血,11
寂寞,9,这样,11
天边,9,慢慢,11
照亮,9,沉默,11
心中,9,自由,11
朋友,9,不用,10
灯火,9,老,10
来,9,成熟,10
告诉,9,拥有,10
阻挡,9,誓言,10
留不住,9,再见,10
等,9,妈妈,10
离开,9,划过,10
时光,9,瞬间,10
不会,9,就算,10
好,8,人间,10
或,8,不要,10
远方,8,熄灭,10
爱是,8,河,9
从此,8,两岸,9
一瞬间,8,向前走,9
寒冷,8,骄傲,9
风,8,永隔,9
没,8,江水,9
人群,8,手,9
天空,8,阳光,9
瞬间,8,如果,9
无法,8,只想,9
相思,8,短暂,9
希望,8,咿呀,9
回忆,8,请,9
遇见,8,青春,9
力量,8,夜晚,9
山岗,8,不想,9
一直,8,野草,9
一眼,8,人们,8
陌生,7,不知,8
不停,7,放在,8
从未,7,身边,8
看见,7,天边,8
最,7,沉入,8
带,7,刹那,8
匆匆,7,酒,8
爱人,7,平凡,8
春天,7,惊鸿,8
忘记,7,艰难,8
无,7,今日,8
真,7,别,8
眼前,7,我要,8
眼里,7,火焰,8
明月,7,今天,8
海,7,脸,8
爱恋,6,我活,8
倘卖,6,耀眼,8
爱情,6,动物,8
改变,6,亦,8
吹,6,不顾一切,8
水,6,大家,8
脸庞,6,硬,8
梦见,6,过去,8
梦乡,6,君,8
暗,6,悲伤,8
路,6,不耐烦,8
窗外,6,日夜,7
相遇,6,答案,7
我心,6,太,7
芬芳,6,命运,7
渐渐,6,一起,7
酒干,6,天涯,7
过去,6,阴霾,7
陪,6,风吹,7
总有,6,没,7
啦,6,天空,7
此刻,6,全都,7
世间,6,唱,7
深情,6,能够,7
姑娘,6,该,7
眼,6,哪有,7
昏黄,6,船,7
我用,6,待,7
微风,6,埋葬,7
情不一,6,一直,7
不知不觉,6,寻找,7
曾经,6,每,7
路上,6,直到,7
田野,6,白桦林,7
能够,6,输掉,6
失去,6,日子,6
终于,6,坦然,6
回到,6,奄奄一息,6
停止,6,兄弟,6
大地,6,眼泪,6
恋人,6,全部,6
听,6,来看,6
开放,6,山,6
始终,6,独自,6
孤单,6,不再,6
孤独,6,天,6
秋天,6,点,6
岁月,6,с,6
穿越,5,如鲠在喉,6
爱恨,5,最,6
快乐,5,再次,6
不知,5,绚烂,6
常常,5,刺客,6
人海,5,人山人海,6
走远,5,透彻,6
换,5,坠落,6
泪水,5,д,6
太,5,心扉,6
爱情故事,5,唯一,6
发现,5,流着泪,6
浪花,5,气球,6
奔,5,易冷,6
约,5,之仇,6
见,5,锋芒,6
守候,5,山谷,6
绚烂,5,а,6
告别,5,需要,6
平凡,5,从不,6
最美,5,海阔天空,6
唯一,5,向,6
涌动,5,风雨,6
难,5,枯荣,6
知不知道,5,消磨,6
长,5,何必,6
追寻,5,泥土,6
真心,5,灯火,6
留在,5,в,6
爱过,5,大海,6
他,5,跨过,6
温柔,5,敢不敢,6
我要,5,莫笑,6
容颜,5,昨天,6
手,5,疯狂,6
不曾,5,两手空空,6
当初,5,彻底,6
竟,5,я,6
出现,5,胸,6
脸,5,遥远,6
留住,5,言语,6
收获,5,义无反顾,6
只能,5,怎样,6
怎样,5,我迎,6
飞舞,5,植物,6
付出,5,哭,6
忧伤,5,尴尬,6
沉默,5,在手,6
年轻,5,о,6
请,5,尽头,6
不过,5,那才,6
不再,5,真正,6
如,5,自然,6
前世,5,莫道,6
光,5,Д,6
时间,5,心,6
冬季,4,我爱你,6
当有,4,诞生,6
夜夜,4,痛,6
未来,4,西风,6
清晨,4,我来,6
归来,4,时间,6
脑海,4,屁,6
望眼欲穿,4,无枪,6
牵手,4,拿走,6
走过,4,来次,6
遗忘,4,野花,6
天上,4,н,6
漂泊,4,风花,5
往日,4,这是,5
起伏,4,爱情,5
坚强,4,简单,5
错过,4,后悔,5
远,4,来不及,5
意义,4,交给,5
美妙,4,想象,5
睡,4,穿,5
天涯,4,远,5
无常,4,些,5
现在,4,痛苦,5
清澈,4,看见,5
化作,4,成长,5
誓言,4,带走,5
梦想,4,脚步,5
多年,4,一路,5
双眼,4,那片,5
变化无常,4,从此,5
金色,4,城市,5
清楚,4,月,5
并,4,徘徊,5
长久,4,掠过,5
条件,4,火车,5
不断,4,身旁,5
原谅,4,爱人,5
舍不得,4,每天,5
慢慢,4,问,5
今天,4,究竟,5
一阵风,4,梦,5
记得,4,狂,5
赛跑,4,新,5
阳光,4,灰飞烟灭,5
亲爱,4,夜,5
离家,4,幸福,5
起,4,干,5
何方,4,站台,5
迷途,4,无边,5
幸福,4,听,5
竟是,4,头破血流,5
黑夜,4,头,5
流淌,4,看着,5
那么,4,年代,5
怎能,4,猜,5
你老,4,花园,5
绝望,4,漫长,5
我会,4,飘散,5
短暂,4,回,5
春去秋来,4,看到,5
害怕,4,回头,5
歌,4,?,5
远处,4,怕,5
无恙,4,起,5
脆弱,4,家,4
欢乐,4,一点点,4
漫长,4,一次,4
何止,4,晚,4
千百年,4,想要,4
以后,4,溜走,4
轻柔,4,杯,4
我爱你,4,所,4
斜阳,4,爸爸,4
悄悄,4,礼物,4
不见,4,相,4
灵魂,4,勾心斗角,4
拿,4,关心,4
变幻无常,4,失掉,4
诉说,4,一下,4
有些,4,再有,4
~,4,如烟,4
悲伤,4,方向,4
就让,4,不停,4
烟,4,从未,4
千万里,4,感到,4
无数次,4,失望,4
相见,4,乱,4
感到,4,送给,4
爱慕,3,渐渐,4
随,3,之海,4
佳人,3,记得,4
不善,3,早已,4
鲜花,3,总是,4
成片,3,沸腾,4
回来,3,离愁,4
依赖,3,混账,4
随意,3,窗外,4
漫漫,3,毁,4
无奈,3,冷漠,4
青山,3,烧着,4
一次,3,痴迷,4
苍老,3,寒冷,4
人们,3,总会,4
点亮,3,待风,4
以为,3,听见,4
分开,3,啦,4
欢畅,3,转眼,4
月光,3,剪,4
辉煌,3,碎,4
愁肠,3,幽暗,4
日夜,3,惊心动魄,4
走进,3,不安,4
长成,3,期待,4
真的,3,游戏,4
许多,3,太快,4
匆忙,3,并,4
相爱,3,苦难,4
深沉,3,窗口,4
执着,3,衰老,4
贝加尔湖,3,活着,4
心跳,3,新衣,4
逆流而上,3,新发型,4
云海,3,美丽,4
酒入,3,之味,4
不变,3,冲出,4
lily,3,温暖,4
还会,3,陌生,4
麦浪,3,旅途,4
出,3,忘记,4
迷茫,3,冲动,4
宁静,3,渴望,4
最初,3,今夜,4
失望,3,我该,4
泪流,3,亲爱,4
带走,3,习惯,4
时辰,3,堕入,4
一路,3,总算,4
倔强,3,绝望,4
恍惚,3,大,4
冷淡,3,飞舞,4
飘向,3,证明,4
曲折,3,流连,4
总是,3,无表情,4
楼高休,3,滋味,4
随波逐流,3,挣扎,4
不尽,3,我会,4
女人,3,呼喊,4
冷漠,3,狂野,4
融化,3,希望,4
飞翔,3,无法自拔,4
终点,3,枕边,4
淡薄,3,得到,4
月,3,赶来,4
花,3,下跪,4
放弃,3,心儿,4
畔,3,老张,4
雾,3,如夏花,4
洱海,3,眼睛,4
长路,3,碗,4
征途,3,摔,4
流,3,失落,4
原野,3,孩子,4
不够,3,孤独,4
忽然,3,轻松,4
再也,3,忘,4
新,3,呲,4
耕耘,3,快去,4
可知,3,WINDOWS98,4
愿意,3,眼前,4
白,3,望,4
虔诚,3,遗憾,4
明白,3,违背,4
来到,3,飘扬,4
热情,3,手忙,4
人情,3,速度,4
随云,3,点点,4
宛如,3,找,4
望,3,不虚此行,4
分享,3,舞会,4
热心,3,这条,3
麻木,3,发生,3
月光如水,3,零落,3
铺满,3,罪,3
生日,3,而出,3
迷雾,3,不知去向,3
假意,3,鸽子,3
落日,3,以为,3
但愿,3,号,3
停下来,3,难过,3
送,3,快些,3
疯狂,3,清晨,3
梦,3,荒草,3
独向,3,重,3
春秋,3,海角,3
偶尔,3,没什么,3
一往情深,3,幸运,3
江水,3,没心没肺,3
天老去,3,兑现,3
明,3,死去,3
桂花香,3,人情冷暖,3
安放,3,湖泊,3
几个,3,断肠人,3
脸上,3,遗忘,3
飘过,3,度过,3
尝尽,3,生存,3
感情,3,到底,3
浮现,3,鸿毛,3
不愿,3,自以为是,3
一缕,3,纵身,3
停歇,3,风尘,3
皱纹,3,天之涯,3
夏日,3,漫无止境,3
独倚,3,寂寞,3
言语,3,作,3
迟迟,3,只道,3
欲望,3,那座,3
车,3,从来,3
任,3,手里,3
义无反顾,3,如刀,3
闭上,3,蓝天,3
路过,3,真理,3
风中,3,玩耍,3
前方,3,就要,3
哭泣,3,森林,3
泪,3,咖啡,3
有时候,3,领教,3
有没有,3,一跃,3
想念,3,天荒地老,3
来路,3,茫茫,3
电影,3,树叶,3
一刻,3,那刻,3
一片,3,幻想,3
蔚蓝,3,陪,3
替,3,招手,3
坚持,3,雪,3
离别,3,女人,3
打湿,3,告别,3
眼眶,3,梦想,3
话语,3,此去,3
一只,3,知交,3
夜色,3,飞翔,3
心愿,3,那火,3
人生,3,命若,3
歌谣,3,午后,3
追求,3,穿肠,3
却是,3,村庄,3
感伤,3,起来,3
默默地,3,越来越,3
忘,3,再也,3
忘掉,3,艰险,3
背影,3,喷射,3
带回,3,地之角,3
身在,3,愿意,3
绿草,3,两眼,3
有位,3,杯酒,3
唱,3,赚来,3
疲倦,3,变成,3
偶然,3,城堡,3
天地,3,来时,3
心疼,3,分享,3
走出,3,世事,3
心田,3,物是人非,3
味道,3,地飘散,3
自由,3,崩溃,3
河流,3,不能到达,3
清香,3,温柔,3
两朵,3,四分五裂,3
冒险,3,浓,3
童年,3,路上,3
流星,3,天堂,3
洒向,3,面对,3
认真,3,烟花,3
飘荡,3,地笑,3
怀念,3,谜一样,3
沉静,2,夕阳西下,3
未曾,2,早晚,3
还要,2,重来,3
挂,2,告诉,3
那鹰,2,一种,3
霞光,2,一个多,3
真切,2,仍然,3
看过,2,一年,3
无处,2,留下,3
烟火,2,夕阳,3
不用,2,辛辛苦苦,3
喜怒哀乐,2,这片,3
最近,2,不肯,3
险滩,2,无,3
点滴,2,房间,3
离,2,人如,3
日子,2,乞讨,3
满天,2,别人,3
划船,2,傻话,3
盼望,2,满身,3
第一次,2,越来越少,3
一段,2,帆,3
点上,2,呼啸,3
靠近,2,天崖,3
找寻,2,静静,3
苍茫,2,听到,3
旅思,2,仰望,3
一根,2,一片,3
我窗,2,相互,3
息息相关,2,柳巷,3
开心,2,带刀,3
脚下,2,心灰,3
相同,2,相信,3
头顶,2,年轻,3
青年,2,危险,3
闭上眼睛,2,意冷,3
万水千山,2,不过,3
散场,2,原来,3
有点,2,一生,3
收留,2,随风飘荡,3
熟悉,2,丢失,3
大,2,只为,3
伤心,2,求饶,3
风筝,2,卑贱,3
无穷,2,体液,3
苍苍,2,飞溅,3
身体,2,无可救药,3
吹过来,2,离去,3
共赴,2,醒来,3
深,2,起伏,3
勇气,2,硝烟,3
顺流而下,2,半,3
左,2,成人,3
方向,2,沙漠,3
迷惘,2,迷失,3
情同,2,耳旁,3
年华,2,钱,3
寒烟翠,2,孤魂野鬼,3
看不到,2,苏珊,3
风絮,2,仰起,3
陪伴,2,无可,3
无尽,2,依偎,3
谢谢,2,召唤,3
化成,2,问君,3
不可,2,隔壁,3
些,2,四处,3
山映,2,高山,3
一生一世,2,开,3
透,2,明月,3
转眼间,2,百般,3
鸟儿,2,播放,3
不得已,2,拾,3
追逐,2,挂,2
海洋,2,如同,2
心升,2,风声,2
偏,2,沉睡,2
太阳,2,夺走,2
就要,2,升起,2
秋色,2,泥锅,2
雷鸣,2,绿,2
冬夏,2,全力,2
候鸟,2,讲到,2
痴心,2,谎言,2
流干后,2,讲,2
冬天,2,蓝得,2
情,2,须,2
进,2,满头白发,2
重现,2,安静,2
脚步,2,醋,2
耗尽,2,二十四岁,2
每一寸,2,小心翼翼,2
鼓励,2,表春,2
雾茫茫,2,满天,2
你会明,2,丛生,2
完美,2,无声,2
烈火,2,莫说,2
僧人,2,吹,2
依旧,2,归程,2
引领,2,不同,2
近况,2,目光,2
隔,2,那天,2
记忆,2,吹来,2
真实,2,收紧,2
风里,2,水,2
唱起,2,蹉跎,2
断续,2,才能,2
神秘,2,多难,2
夏天,2,吞没,2
跟随,2,越,2
红尘,2,整日,2
敲打,2,胸中,2
男孩,2,繁华,2
天接,2,化妆舞会,2
这份,2,人流,2
久,2,易碎,2
两点,2,草原,2
低垂,2,闭上眼睛,2
解开,2,万水千山,2
独自一人,2,别梦寒,2
拥挤,2,脸庞,2
扬帆,2,海棠,2
烧着,2,追问,2
年少,2,干掉,2
庆幸,2,赴,2
鬓发,2,以泪,2
遥遥,2,熟悉,2
起起落落,2,有轨电车,2
冒,2,心方倦,2
吹过,2,甜得,2
家,2,语焉不详,2
深不见底,2,历经,2
飞鸟,2,彩霞,2
浮上来,2,疼痛,2
停留,2,阅尽,2
洒脱,2,身体,2
找到,2,颓,2
总不分,2,思考,2
受委屈,2,对我讲,2
听见,2,许多,2
飞奔,2,匆忙,2
绽放,2,面,2
强求,2,发光,2
花草,2,有着,2
眷恋,2,错身,2
光阴,2,入眼,2
灯火辉煌,2,残忍,2
分别,2,白发,2
纠缠,2,多酷,2
道路,2,错过,2
风向,2,已荒,2
盼,2,漂亮,2
念念不忘,2,挽留,2
紧握,2,感动,2
一束,2,深深,2
火车,2,电脑,2
黯乡,2,厄运,2
爹娘,2,迷恋,2
耳畔,2,落下,2
祈求,2,消逝,2
昨日,2,爱恋,2
不破,2,心中,2
故乡,2,海洋,2
了解,2,相遇,2
一,2,太阳,2
冰霜,2,睡,2
伴随,2,流干,2
降临到,2,正好,2
舍得,2,桥头,2
不定,2,冬天,2
雪花,2,早前,2
觉得,2,舞鞋,2
一无所有,2,双眼,2
共同,2,离,2
星光,2,靠,2
浩瀚,2,得象,2
黯淡,2,下班,2
真教人,2,全疯,2
如梦如幻,2,无所谓,2
退缩,2,心似,2
闪耀,2,干杯,2
远远,2,尽,2
飞驰,2,往返,2
爸爸,2,可别,2
花开花,2,晃眼,2
却没能,2,现在,2
路口,2,银山,2
衰老,2,心情,2
风霜,2,默默,2
欢笑,2,快来,2
交错,2,过期,2
冰雪,2,前程,2
抱怨,2,恰巧,2
往事,2,曲折,2
凌晨,2,或许,2
星辰,2,记忆,2
滑落,2,愿和你,2
泪痕,2,卑微,2
天马,2,此生,2
从前,2,双神,2
那颗星,2,夏天,2
黄叶,2,濯,2
慈祥,2,圆满,2
世上,2,整个,2
飞旋,2,之江,2
一站,2,睁开,2
景象,2,那一刻,2
还好,2,完,2
连波,2,太多,2
隐约,2,老伯,2
来看,2,百合,2
一定,2,一瞬间,2
正是,2,言,2
刀枪,2,会飞,2
千万年,2,上班,2
面容,2,带你去,2
波上,2,醒,2
细雨,2,米缸,2
大都,2,喘息,2
真情,2,不归,2
去向,2,汹涌,2
沧桑,2,代替,2
酒肉朋友,2,抱,2
长发,2,一杯,2
太不容易,2,停留,2
深夜,2,低唱,2
冲刷,2,18,2
终,2,我梦到,2
下来,2,林梢,2
绿水,2,知返,2
夜,2,找到,2
不仅仅,2,出没,2
远去,2,光照,2
情节,2,离弦,2
来自,2,吐,2
千言,2,冥冥中,2
许许多多,2,诗句,2
桨,2,那面,2
之光,2,粮食,2
留人,2,欢颜,2
一转眼,2,微笑,2
追,2,朋友,2
荆棘,2,吻,2
萋,2,想起,2
圣洁,2,有多美,2
流水,2,姑娘,2
放肆,2,赐给,2
长长,2,故人,2
留下,2,为荣,2
悬念,2,一束,2
感恩,2,相守,2
撩动,2,国,2
模样,2,你家,2
心甘情愿,2,多好,2
不肯,2,老死,2
缘分,2,远走,2
很多,2,昨晚,2
熊熊,2,以此为荣,2
夜深,2,墓碑,2
前有,2,美酒,2
努力,2,世道,2
流浪,2,手边,2
爱着,2,电视,2
无边,2,说不清,2
残忍,2,滚蛋,2
笑容,2,盐,2
属于,2,一事无成,2
相聚,2,恩恩怨怨,2
万语,2,人行道,2
随风,2,满面,2
再也不能,2,更烂,2
漫天,2,来到,2
消息,2,微风,2
陪你到,2,远远,2
乌云密布,2,家园,2
传到,2,蓝,2
远房亲戚,2,富有,2
依稀,2,无事,2
不能不,2,传达室,2
在水一方,2,通通,2
外,2,当阳,2
伊人,2,往事,2
魂,2,且,2
为难,2,散落,2
纷飞,2,今宵,2
吻别,2,吃,2
湖面,2,错,2
有风有雨,2,我多愿,2
川流,2,喧闹,2
满腹,2,快快,2
红豆,2,声,2
得到,2,我永沉,2
悠悠,2,早,2
宇宙,2,狂风,2
无情,2,吉凶,2
只在乎,2,说不出,2
寂静,2,波浪,2
眼看,2,受,2
眼眉,2,抵达,2
总在,2,猛烈地,2
与生俱来,2,走累,2
眼睛,2,清白,2
这座,2,功课,2
真正,2,老爷爷,2
放下,2,躲避,2
边,2,工厂,2
问候,2,开演,2
挥不去,2,牛逼过,2
非,2,身处,2
在意,2,宽容,2
多么,2,李,2
袖手旁观,2,好美,2
穷尽,2,看看,2
等到,2,破旧,2
一点,2,彩虹,2
口中,2,深夜,2
闪闪,2,是夜,2
只为,2,不朽,2
多远,2,活在,2
不在意,2,夏花,2
两手,2,干到,2
音乐,2,一壶,2
感激,2,嘲笑,2
琴声,2,一阵风,2
城市,2,不曾,2
落叶,2,少年,2
信仰,2,准备,2
孩子,2,犯错,2
碧云天,2,热,2
面前,2,奔腾,2
香,2,金山,2
挥洒,2,万载,2
分担,2,紧紧,2
接受,2,共醉,2
继续,2,一首,2
回家,2,无言,2
琴弦,2,严厉,2
夕阳,2,路边,2
飘,2,失去,2
献给,2,永留,2
这样,2,千百回,2
换不回,2,无涯,2
莫非,2,云彩,2
异族,2,繁华世界,2
寻找,2,山后,2
每,2,迷途,2
看到,2,一幕,2
西风,2,金子,2
我来,2,流泪,2
患难,2,荆棘,2
安详,2,损毁,2
晚空,2,泪如雨,2
一城,2,留个,2
深陷,2,副,2
到来,2,心上人,2
遗憾,2,模样,2
结局,2,刚,2
对方,2,照常,2
忙,2,打扫,2
芳草,2,打扮,2
纷繁,2,老去,2
柔软,2,到处,2
不切实际,2,不介意,2
看不见,2,酱,2
漫无目的,2,跳动,2
这首,2,完成,2
当天,2,活,2
下次,2,只能,2
个人,2,飞,2
点点,2,欲望,2
站,2,悬崖,2
快,2,晚风,2
河水,2,以外,2
右,2,很穷,2
找,2,灯,2
黄昏,2,顶天立地,2
怕,2,沧海,2
落,2,何曾,2
愿,2,屋顶,2
情仇,2,沧浪,2
这颗,2,哭泣,2
难免,2,忽然,2
回望,1,此身,2
吹散,1,守,2
新生,1,干着,2
涟漪,1,急,2
沉睡,1,烧光,2
追随,1,摆动,2
分给,1,轻,2
通往,1,做梦,2
中下,1,箭,2
话,1,深渊,2
细水长流,1,飞走,2
怨天尤人,1,马,2
相随,1,悲欢,2
睡不稳,1,飘落,2
接近,1,拼,2
绿,1,暗礁,2
来长,1,算,2
赫哲人,1,相爱,2
离不开,1,随风,2
之旅,1,重洋,2
滴,1,已尘,2
安静,1,歌,2
弟弟,1,／,2
慌张,1,春光,2
千张,1,演奏,2
夜饮,1,貌似,2
残梦,1,树荫,2
尘缘,1,真,2
这是,1,躺,2
澎湃,1,无聊,2
这时候,1,问遍,2
视线,1,可怜,2
别离,1,夜色,2
难过,1,船到桥头,2
老,1,大声,2
明天,1,来醉,2
展不开,1,始终,2
挥手告别,1,随它,2
长恨,1,大风,2
游走,1,灿烂,2
化星,1,留恋,2
善良,1,多么,2
忍受,1,取悦,2
目光,1,海无岸,2
捂着,1,心爱,2
传来,1,系,2
靠水,1,更改,2
夜空,1,卖掉,2
明媚,1,两手,2
后悔,1,叫做,2
所,1,以后,2
才能,1,泥,2
遮不住,1,杨,2
眼泪,1,早上,2
突然,1,战友,2
莼噎,1,之约,2
吞没,1,一些,2
像是,1,生,2
笑,1,常有,2
怀抱,1,云烟,2
真假,1,飞上了,2
如雨,1,梦醒,2
下面,1,间,2
放眼,1,休闲,2
草原,1,醉,2
踏上,1,善待,2
白雪,1,浊酒,2
情到,1,如此这般,2
家童,1,那朵,2
烦恼,1,之夜,2
伤心欲绝,1,狂喜,2
小舟,1,从来不,2
缘落,1,必须,2
穿过,1,纪念,2
三,1,狗,2
行空,1,偶然,2
奋斗,1,烦忧,2
叹息,1,岁,2
赶紧,1,感觉,2
那风,1,一面,2
臂弯,1,重要,2
来不及,1,热爱,2
冷暖,1,哀叹,2
一丝,1,安详,2
血泪,1,糖,2
对待,1,象,2
旁,1,抓,2
归,1,做些,2
洒满,1,喝,2
娓娓,1,飞逝,2
失落,1,尽余欢,2
如火,1,青草,2
从何而来,1,肿,2
蓝迪,1,烂醉,2
广阔天地,1,来讲,2
画楼,1,闪光,2
学校,1,菜市场,2
物换星移,1,一片狼藉,2
天亮,1,无所事事,2
一些,1,污泥,2
不应,1,*,2
一身,1,海底,2
超越,1,奔跑,2
容下,1,不知天高地厚,2
旧愁,1,多久,2
喝彩,1,满月,2
历经沧桑,1,睡醒,2
总说,1,轻描,2
同根,1,一早,2
寂寥,1,发誓,2
徐徐,1,情人,2
说句,1,花火,2
身上,1,终日,2
纯真,1,厌恶,2
应该,1,飘荡,2
这般,1,怀念,2
从来,1,人群,1
能为,1,牌,1
少,1,铁石心肠,1
打动,1,鲜花,1
平常,1,林荫,1
传情,1,命中注定,1
逝,1,不长,1
不倦,1,湿透,1
漂流,1,迎,1
星空,1,末班车,1
心海,1,难辨,1
东海,1,一去不回,1
断,1,人人,1
感动,1,爱恨,1
美好,1,吃饱,1
燃烧,1,体面,1
蓝天,1,没能,1
鱼,1,跳,1
为伴,1,能带,1
眉头,1,墙上,1
江声,1,改变,1
午夜,1,拂,1
梳妆,1,坏,1
入,1,剌,1
渡过,1,无须,1
出息,1,拥抱,1
心上,1,模糊,1
来临,1,出场,1
注定,1,传来,1
飞到,1,苍茫,1
下午,1,真傻,1
忧郁,1,碧,1
看不透,1,话,1
成长,1,夜空,1
黑,1,飘黄,1
醒复,1,共舞,1
噩梦,1,拯救,1
为情所困,1,泱泱,1
翻,1,一边,1
每个,1,突然,1
高高在上,1,开往,1
更好,1,后面,1
认为,1,懂,1
伤害,1,学习,1
刺痛,1,真假,1
朝阳,1,西来,1
另一边,1,人海,1
小楼,1,江,1
打开,1,望眼欲穿,1
再次,1,如雪,1
成空,1,古道,1
天色,1,活色生香,1
举起,1,战死,1
少年,1,礼,1
早已,1,狼狈,1
冰冷,1,好慢,1
永不,1,转身,1
唱着歌,1,泪如雨下,1
几番,1,叹息,1
欢喜,1,虚浮,1
叮咛,1,上空,1
沉醉,1,旷野,1
年纪,1,再来,1
迷津,1,长长的,1
撩人,1,秘密,1
溅,1,躲藏,1
天各一方,1,如火,1
尼那,1,情长,1
卑微,1,不醒,1
露水,1,现实,1
头去,1,沙场,1
期许,1,海潮,1
自我,1,寒鸭,1
源于,1,旋涡,1
风平浪静,1,跳舞,1
用尽,1,乱猜,1
始,1,将要,1
头发,1,本,1
沸腾,1,连天,1
整个,1,刺,1
汽笛声,1,那平,1
睁开,1,应该,1
完,1,一轮,1
夜里,1,繁琐,1
哪管,1,后来,1
温度,1,地爱,1
青春岁月,1,伤心,1
缘份,1,说起,1
竟学,1,战,1
可及,1,烛台,1
朗赫,1,冥,1
渐远,1,天不怕,1
山林,1,别忘记,1
营营,1,镰刀,1
可退,1,地过,1
抛,1,放牧,1
徜徉,1,抹掉,1
急速,1,凑和,1
生动,1,柳笛声,1
缘起,1,跃向,1
酒,1,相偎,1
想一想,1,追逐,1
带你去,1,午夜,1
一朵花,1,拉响,1
花蕊,1,醉人,1
春花,1,跟头,1
阴霾,1,流年,1
黑暗,1,出,1
建立,1,满地,1
血色,1,冬夏,1
刻,1,迷茫,1
三言两语,1,对岸,1
上升,1,倾听,1
安慰,1,最初,1
走不动,1,唱起歌,1
忘却,1,我心,1
霓虹,1,阑珊,1
憔悴,1,看不透,1
日记,1,悲哀,1
放开,1,奔,1
无力,1,嘈杂,1
落草,1,是不是,1
动人,1,每个,1
微不足道,1,伤害,1
难舍难离,1,雾,1
时无晴,1,素不相识,1
沧海,1,完美,1
邮递员,1,别当真,1
不平,1,心肠,1
声音,1,委屈,1
亮,1,清澈,1
高高地,1,举起,1
哪,1,看清,1
呼唤,1,高些,1
高楼,1,怀表,1
冥冥中,1,恍惚,1
诗句,1,凋落,1
山谷,1,冰冷,1
此生,1,隔世,1
村庄,1,名字,1
开入,1,已甜得,1
无痕,1,远行,1
一天天,1,撩人,1
望月,1,恋爱,1
舒缓,1,讲完,1
变得,1,露水,1
吻,1,驰驶,1
花开花谢,1,留下来,1
爱而生,1,远在天边,1
从不,1,那就算了,1
风吹,1,用尽,1
胸怀,1,小树,1
水面,1,清,1
任由,1,根烟,1
一朵,1,伤痕,1
暗流,1,那条,1
玉粒金,1,酒店,1
旧梦,1,总有,1
遥不可及,1,继续,1
雷呀,1,不必,1
白云,1,银光,1
咒骂,1,逼,1
悄然,1,坚决,1
焦急,1,开着,1
雨来,1,似是而非,1
远走,1,数清,1
满喉,1,乘,1
风雨,1,毫无保留,1
歌声,1,美,1
縠,1,换来,1
炎热夏日,1,厨房,1
骄傲,1,喝酒,1
夜阑,1,半醒,1
响起,1,半醉,1
渐行,1,街,1
风再起,1,不开,1
游戏,1,雨,1
拂面,1,闪,1
考验,1,飞鸟,1
割舍,1,壳里,1
开口,1,夏季,1
变换,1,小伙子,1
阳光灿烂,1,已久,1
手中,1,别多,1
瘦,1,眨,1
年复一年,1,寒凉,1
遥遥相望,1,来临,1
足够,1,微小,1
深蓝,1,情窦,1
牵着手,1,亮,1
满眼,1,飘着,1
月亮代表,1,密布,1
群星,1,新世界,1
几分,1,将来,1
开动,1,趁,1
风静,1,起枪,1
忙碌,1,别哭,1
何干,1,条狗,1
春柳,1,务必,1
睡意,1,白发苍苍,1
别,1,疲惫,1
情意,1,一错再错,1
酒杯,1,寄给,1
情愿,1,再返,1
道具,1,平静,1
散落,1,一盏,1
支撑,1,忽明忽暗,1
这场,1,一曲,1
热忱,1,东西,1
很少,1,盼,1
狂奔,1,肉,1
鸟,1,那阵,1
伤感,1,烦乱,1
事才,1,转,1
年幼,1,胸膛,1
更漏,1,真快,1
袖底,1,拐角,1
问,1,繁星,1
辛苦,1,留在,1
禁不起,1,触痛,1
痒痒,1,勇敢,1
之后,1,白,1
吹得心,1,顺从,1
波浪,1,尚早,1
蒸腾,1,纠缠,1
春天里,1,窗前,1
月色,1,蓝天白云,1
冲出,1,办法,1
或许,1,觉得,1
双脚,1,爱过,1
走向,1,明白,1
爱像,1,星光,1
怎会,1,情千缕,1
洁白,1,长亭,1
怀里,1,盛装,1
动向,1,一支,1
金黄,1,深蓝,1
每一朵,1,人能,1
车窗,1,甚微,1
静悄悄,1,聚会,1
双手,1,消失,1
篝火,1,呻吟,1
那梦中,1,一方,1
阵阵,1,游荡,1
无比,1,精彩,1
内心,1,路口,1
深处,1,噩耗,1
寄,1,长久,1
翻卷,1,过往,1
完整,1,白桦树,1
缤纷,1,指尖,1
一声,1,北风,1
是因为,1,真苦,1
心安,1,人海茫茫,1
表达,1,降临,1
江海,1,难受,1
繁花,1,背叛,1
身不由已,1,怎能不,1
慌,1,倦怠,1
迎来,1,董,1
咽不下,1,虚幻,1
叫,1,春天,1
预知,1,原谅,1
开不完,1,耶,1
冰天雪地,1,充满,1
许多年,1,送,1
奔腾,1,绝情,1
曲,1,一定,1
轻轻,1,乞求,1
一秒,1,散,1
解放,1,春秋,1
不明,1,变得,1
尽收眼底,1,辩,1
变幻,1,静悄悄,1
站牌,1,忍耐,1
相拥,1,莽莽,1
新愁,1,田野,1
云彩,1,真想,1
带给,1,扔掉,1
鞭,1,）,1
逃避,1,走廊,1
满江,1,催,1
苦海,1,迷雾,1
落尽,1,祝,1
无路,1,赏江上,1
运似,1,一对对,1
回升,1,平安地,1
不在乎,1,陌生人,1
挥手,1,（,1
曼妙,1,远去,1
永别,1,一把,1
泛起,1,指引,1
流连忘返,1,指缝,1
就算,1,火烧,1
角落,1,离笛,1
担心,1,起风,1
默默无语,1,很快,1
先贤,1,大脑,1
般的,1,刻着,1
伫立,1,一秒,1
一张,1,平坦坦,1
道理,1,辽阔,1
幽幽,1,泪,1
打扰,1,来自,1
归途,1,尝尝,1
千百遍,1,街道,1
随时随地,1,小镇,1
老去,1,喜怒无常,1
注视,1,杨树,1
拼命,1,逃避,1
水中,1,竟,1
站台,1,荒唐,1
乌苏里江,1,芳草,1
白雾,1,感谢,1
周围,1,回去,1
笼罩,1,一座,1
转身,1,跃出,1
松开,1,角落,1
流云,1,苟且,1
洒,1,终于,1
有时,1,鹏,1
湖水,1,东往,1
那赫,1,黎明,1
船儿,1,大陆,1
那海,1,面具,1
血红,1,丢盔卸甲,1
别人,1,笑声,1
唯有,1,皮鞋,1
广阔,1,淹没,1
满仓,1,走神,1
如花,1,回到,1
隐隐,1,怎能说,1
一种,1,放不开,1
人世间,1,好静,1
忽略,1,停止,1
惧怕,1,无法,1
轻轻地,1,夏日,1
灯,1,拼命,1
寻觅,1,怀疑,1
结着,1,就行了,1
需,1,恋人,1
渊源,1,会来,1
证明,1,不足道,1
云,1,能干,1
无人,1,大块,1
计较,1,清草滴,1
徘徊,1,流浪,1
两个,1,欢愉,1
苍白,1,不怕,1
中多,1,松开,1
中央,1,洒,1
哭,1,声声,1
未醒,1,Oh,1
荒芜,1,英雄,1
幻想,1,时常,1
此身,1,谨小,1
装不下,1,平淡,1
静静,1,难堪,1
纱窗,1,残缺,1
心弦,1,人世间,1
胸膛,1,无论是,1
听到,1,异乡,1
吹动,1,漫天,1
谈何容易,1,忧愁,1
直到,1,狂热,1
解脱,1,云,1
诉情,1,甜美,1
挣扎,1,扬起,1
流转,1,安慰,1
轻舟,1,持续,1
我能,1,无须再,1
信海,1,伙伴,1
撒开,1,两个,1
当年,1,气味,1
相亲,1,呼唤,1
赢过,1,苍白,1
早,1,放荡,1
看一看,1,摊开,1
倚杖,1,唯唯诺诺,1
跋山涉水,1,飞扬,1
过眼,1,搞不懂,1
祈祷,1,依稀,1
美如画,1,晚餐,1
共,1,关正跃,1
心灵,1,不能不,1
哪一天,1,家乡,1
我尝过,1,两人,1
翠绿,1,发苦,1
割,1,血缘,1
无怨,1,想念,1
好久不见,1,来路,1
白骨,1,紧皱,1
深爱,1,一列,1
睡着,1,外,1
足迹,1,如水,1
冰,1,床单,1
五月,1,害怕,1
一去,1,残酷,1
一句,1,长大,1
一班,1,布满,1
孤烟,1,祈祷,1
雨点,1,书包,1
闪电,1,插,1
白天,1,听不清,1
形容,1,儿时,1
心动,1,暖洋洋,1
静静的,1,下起,1
敲击,1,爱上你,1
着迷,1,远离,1
容不下,1,心里,1
大声,1,一半,1
黑白,1,猜猜,1
人间,1,走错,1
时刻,1,本该,1
恰似,1,钟走,1
无处可去,1,翻动,1
原来,1,静静的,1
灿烂,1,一笔勾销,1
画面,1,缝缝补补,1
如云,1,晕,1
次,1,遇见,1
深似海,1,一班,1
可惜,1,忘掉,1
惆怅,1,星斗,1
恰便,1,解释,1
衷,1,大碗,1
怪,1,衬衣,1
转过,1,汽笛,1
风儿,1,不返,1
车厢,1,着迷,1
梦之城,1,沉浮,1
炉火,1,边,1
散漫,1,理想,1
甜蜜,1,时刻,1
恋恋,1,多云,1
泪光,1,活得,1
信件,1,蜜糖,1
信任,1,眉,1
鼻息,1,如今,1
生,1,闪闪,1
云烟,1,力量,1
梦里,1,不会,1
无雨,1,残,1
居,1,拒绝,1
蠢动,1,痛得,1
起火,1,象梦,1
彼岸,1,好好,1
沉沉,1,甜蜜,1
慈爱,1,边疆,1
学着,1,泪光,1
天,1,落叶,1
沉沦,1,多余,1
醉,1,虫鸣,1
举头,1,白白浪费,1
交替,1,遍体鳞伤,1
有过,1,梦里,1
走遍,1,舞步,1
怨,1,追赶,1
绿草如茵,1,赤裸,1
不觉,1,从头,1
东坡,1,面前,1
深埋,1,沉没,1
从来不,1,不见,1
秋风,1,董泊宁,1
闪现,1,抵抗,1
会明,1,回答,1
取暖,1,香烟,1
如梦,1,喃喃地,1
随人海,1,汗水,1
菱花镜,1,接受,1
回不去,1,拿,1
海面,1,中滑过,1
无数,1,称赞,1
情深,1,是非,1
天在,1,如梦,1
以前,1,空虚,1
火红,1,更换,1
蓝色,1,日暮,1
心痛,1,海面,1
伤痕累累,1,担心,1
挥汗,1,住房,1
迷离,1,以前,1
溺爱,1,勉强,1
浮浮,1,江声,1
月亮,1,快别,1
余生,1,有些,1
依偎,1,山外山,1
距离,1,喜悦,1
盲,1,执迷,1
心随,1,摇醒,1
事,1,浩荡,1
喝,1,规矩,1
回头,1,刺激,1
敲门,1,牵,1
青草,1,不说,1
天命,1,不识,1
烟云,1,岁月,1
这夜,1,数不清,1
缓缓,1,怎能,1
停息,1,浮云,1
最怕,1,赢,1
变化,1,柔软,1
春雨,1,天呐,1
自暴自弃,1,这种,1
逗留,1,看不见,1
人海中,1,赵云,1
迷惑,1,送行,1
清风,1,长缨,1
命如山,1,嘛,1
轻言细语,1,太久,1
听不见,1,归宿,1
挨,1,来得,1
沧海桑田,1,花儿,1
忘不了,1,坏天气,1
纯洁,1,甜,1
受伤害,1,轻如,1
美,1,飞得,1
满,1,迟暮,1
旧,1,眼里,1
有多深,1,奔赴,1
去处,1,迷宫,1
写封信,1,捡起,1
蓝蓝的,1,疑问,1
纹平,1,疑惑,1
网,1,小康,1
扔下,1,正,1
心坎,1,是否,1
乡,1,舞伴,1
昏沉,1,,
珍重,1,,
爱雨后,1,,
